Month,3rd,15th,50th,85th,97th
61,100.6,104.7,109.6,114.5,118.6
62,101.1,105.1,110.1,115.1,119.2
63,101.5,105.6,110.6,115.7,119.7
64,102.0,106.1,111.2,116.2,120.3
65,102.4,106.6,111.7,116.8,120.9
66,102.9,107.1,112.2,117.3,121.5
67,103.3,107.5,112.7,117.8,122.0
68,103.8,108.0,113.2,118.4,122.6
69,104.2,108.5,113.7,118.9,123.1
70,104.6,108.9,114.2,119.4,123.7
71,105.1,109.4,114.6,119.9,124.2
72,105.5,109.8,115.1,120.4,124.8
73,105.9,110.3,115.6,120.9,125.3
74,106.3,110.7,116.1,121.4,125.8
75,106.8,111.2,116.6,122.0,126.4
76,107.2,111.6,117.0,122.5,126.9
77,107.6,112.0,117.5,123.0,127.4
78,108.0,112.5,118.0,123.5,127.9
79,108.4,112.9,118.4,124.0,128.5
80,108.9,113.4,118.9,124.5,129.0
81,109.3,113.8,119.4,125.0,129.5
82,109.7,114.3,119.9,125.5,130.0
83,110.1,114.7,120.3,126.0,130.6
84,110.5,115.1,120.8,126.5,131.1
85,110.9,115.6,121.3,127.0,131.6
86,111.4,116.0,121.8,127.5,132.1
87,111.8,116.5,122.2,128.0,132.7
88,112.2,116.9,122.7,128.5,133.2
89,112.6,117.4,123.2,129.0,133.7
90,113.1,117.8,123.7,129.5,134.3
91,113.5,118.3,124.1,130.0,134.8
92,113.9,118.7,124.6,130.5,135.3
93,114.4,119.2,125.1,131.0,135.9
94,114.8,119.6,125.6,131.5,136.4
95,115.2,120.1,126.1,132.1,136.9
96,115.7,120.5,126.6,132.6,137.5
97,116.1,121.0,127.0,133.1,138.0
98,116.5,121.5,127.5,133.6,138.5
99,117.0,121.9,128.0,134.1,139.1
100,117.4,122.4,128.5,134.6,139.6
101,117.9,122.9,129.0,135.2,140.2
102,118.3,123.3,129.5,135.7,140.7
103,118.7,123.8,130.0,136.2,141.2
104,119.2,124.3,130.5,136.7,141.8
105,119.6,124.7,131.0,137.2,142.3
106,120.1,125.2,131.5,137.8,142.9
107,120.5,125.7,132.0,138.3,143.4
108,121.0,126.2,132.5,138.8,144.0
109,121.5,126.6,133.0,139.4,144.5
110,121.9,127.1,133.5,139.9,145.1
111,122.4,127.6,134.0,140.4,145.6
112,122.8,128.1,134.5,141.0,146.2
113,123.3,128.6,135.0,141.5,146.8
114,123.8,129.1,135.5,142.0,147.3
115,124.2,129.5,136.1,142.6,147.9
116,124.7,130.0,136.6,143.1,148.4
117,125.2,130.5,137.1,143.6,149.0
118,125.7,131.0,137.6,144.2,149.5
119,126.1,131.5,138.1,144.7,150.1
120,126.6,132.0,138.6,145.3,150.7
121,127.1,132.5,139.2,145.8,151.2
122,127.6,133.0,139.7,146.4,151.8
123,128.1,133.5,140.2,146.9,152.4
124,128.5,134.0,140.7,147.5,152.9
125,129.0,134.5,141.3,148.0,153.5
126,129.5,135.0,141.8,148.6,154.1
127,130.0,135.5,142.3,149.1,154.6
128,130.5,136.0,142.9,149.7,155.2
129,131.0,136.6,143.4,150.2,155.8
130,131.5,137.1,143.9,150.8,156.3
131,132.0,137.6,144.5,151.3,156.9
132,132.5,138.1,145.0,151.9,157.5
133,133.0,138.6,145.5,152.4,158.1
134,133.5,139.1,146.1,153.0,158.6
135,134.0,139.7,146.6,153.5,159.2
136,134.5,140.2,147.1,154.1,159.8
137,135.0,140.7,147.7,154.6,160.3
138,135.5,141.2,148.2,155.2,160.9
139,136.0,141.7,148.7,155.7,161.4
140,136.5,142.2,149.2,156.3,162.0
141,136.9,142.7,149.7,156.8,162.5
142,137.4,143.2,150.2,157.3,163.1
143,137.9,143.7,150.7,157.8,163.6
144,138.4,144.1,151.2,158.3,164.1
145,138.8,144.6,151.7,158.8,164.6
146,139.3,145.1,152.2,159.3,165.1
147,139.7,145.5,152.7,159.8,165.6
148,140.2,146.0,153.1,160.3,166.1
149,140.6,146.4,153.6,160.7,166.5
150,141.0,146.8,154.0,161.2,167.0
151,141.4,147.3,154.4,161.6,167.4
152,141.8,147.7,154.8,162.0,167.9
153,142.2,148.1,155.2,162.4,168.3
154,142.6,148.4,155.6,162.8,168.7
155,143.0,148.8,156.0,163.2,169.1
156,143.3,149.2,156.4,163.6,169.4
157,143.7,149.5,156.7,163.9,169.8
158,144.0,149.9,157.1,164.3,170.1
159,144.3,150.2,157.4,164.6,170.5
160,144.6,150.5,157.7,164.9,170.8
161,144.9,150.8,158.0,165.2,171.1
162,145.2,151.1,158.3,165.5,171.4
163,145.5,151.4,158.6,165.8,171.7
164,145.8,151.6,158.8,166.0,171.9
165,146.0,151.9,159.1,166.3,172.2
166,146.3,152.1,159.3,166.5,172.4
167,146.5,152.4,159.6,166.8,172.6
168,146.7,152.6,159.8,167.0,172.8
169,146.9,152.8,160.0,167.2,173.0
170,147.2,153.0,160.2,167.4,173.2
171,147.3,153.2,160.4,167.6,173.4
172,147.5,153.4,160.6,167.7,173.6
173,147.7,153.6,160.7,167.9,173.8
174,147.9,153.7,160.9,168.1,173.9
175,148.0,153.9,161.0,168.2,174.0
176,148.2,154.0,161.2,168.3,174.2
177,148.3,154.2,161.3,168.5,174.3
178,148.5,154.3,161.4,168.6,174.4
179,148.6,154.4,161.6,168.7,174.5
180,148.7,154.5,161.7,168.8,174.6
181,148.8,154.6,161.8,168.9,174.7
182,149.0,154.8,161.9,169.0,174.8
183,149.1,154.8,162.0,169.1,174.9
184,149.2,154.9,162.0,169.1,174.9
185,149.2,155.0,162.1,169.2,175.0
186,149.3,155.1,162.2,169.3,175.0
187,149.4,155.2,162.3,169.3,175.1
188,149.5,155.2,162.3,169.4,175.1
189,149.6,155.3,162.4,169.4,175.2
190,149.6,155.4,162.4,169.5,175.2
191,149.7,155.4,162.5,169.5,175.3
192,149.8,155.5,162.5,169.6,175.3
193,149.8,155.5,162.6,169.6,175.3
194,149.9,155.6,162.6,169.6,175.3
195,149.9,155.6,162.6,169.6,175.3
196,150.0,155.7,162.7,169.7,175.4
197,150.0,155.7,162.7,169.7,175.4
198,150.0,155.7,162.7,169.7,175.4
199,150.1,155.8,162.7,169.7,175.4
200,150.1,155.8,162.8,169.7,175.4
201,150.2,155.8,162.8,169.8,175.4
202,150.2,155.9,162.8,169.8,175.4
203,150.2,155.9,162.8,169.8,175.4
204,150.3,155.9,162.9,169.8,175.4
205,150.3,155.9,162.9,169.8,175.4
206,150.3,156.0,162.9,169.8,175.5
207,150.4,156.0,162.9,169.8,175.5
208,150.4,156.0,162.9,169.8,175.5
209,150.4,156.1,162.9,169.8,175.5
210,150.5,156.1,163.0,169.9,175.5
211,150.5,156.1,163.0,169.9,175.5
212,150.5,156.1,163.0,169.9,175.5
213,150.5,156.1,163.0,169.9,175.5
214,150.6,156.2,163.0,169.9,175.5
215,150.6,156.2,163.0,169.9,175.5
216,150.6,156.2,163.1,169.9,175.5
217,150.7,156.2,163.1,169.9,175.5
218,150.7,156.2,163.1,169.9,175.5
219,150.7,156.3,163.1,169.9,175.5
220,150.7,156.3,163.1,169.9,175.5
221,150.7,156.3,163.1,169.9,175.5
222,150.8,156.3,163.1,169.9,175.5
223,150.8,156.3,163.1,169.9,175.5
224,150.8,156.3,163.1,169.9,175.5
225,150.8,156.4,163.1,169.9,175.5
226,150.8,156.4,163.2,169.9,175.5
227,150.8,156.4,163.2,169.9,175.5
228,150.9,156.4,163.2,169.9,175.5
